<?xml version="1.0" encoding="UTF-8"?>

<Model ClassName="com.wmf.pluginexample2.Model2">
	<Params>
		<Param Name="Description" Value=""/>
		<Param Name="Author" Value="Administrator"/>
		<Param Name="Company" Value=""/>
		<Param Name="Background" Value="255 255 255"/>
		<Param Name="GridSize" Value="16 16"/>
		<Param Name="ShowGrid" Value="true"/>
		<Param Name="SnapToGrid" Value="true"/>
		<Param Name="Lock" Value="false"/>
		<Param Name="StartTime" Value="2016-10-24 08:00:00"/>
		<Param Name="DataStartTime" Value="2016-10-16 20:00:00"/>
		<Param Name="DataEndTime" Value="2016-10-23 20:00:00"/>
	</Params>
	<Modules>
		<Module ID="1" ClassName="com.wmf.pluginexample1.ModuleCalcTime" x="48" y="32">
			<Params>
				<Param Name="PeriodType" Value="Week"/>
				<Param Name="PeriodCount" Value="1"/>
				<Param Name="HourOffset" Value="-12"/>
			</Params>
			<InputPorts/>
			<OutputPorts/>
		</Module>
		<Module ID="2" ClassName="com.wmf.pluginexample2.ModuleCreateDS" x="160" y="32">
			<Params>
				<Param Name="Type" Value="Memory"/>
				<Param Name="Alias" Value="temp"/>
				<Param Name="Server" Value=""/>
			</Params>
			<InputPorts/>
			<OutputPorts/>
		</Module>
		<Module ID="3" ClassName="com.wmf.pluginexample2.ModuleCreateDS" x="272" y="32">
			<Params>
				<Param Name="Type" Value="GTiff"/>
				<Param Name="Alias" Value="Datasource12"/>
				<Param Name="Server" Value="d:/temp/temp.tif"/>
			</Params>
			<InputPorts/>
			<OutputPorts/>
		</Module>
		<Module ID="4" ClassName="com.wmf.pluginexample2.ModuleOpenDS" x="624" y="160">
			<Params>
				<Param Name="Type" Value="ESRI Shapefile"/>
				<Param Name="Alias" Value="SX_Province_pl"/>
				<Param Name="Server" Value="../../GraphicProductTemplate/ShanXi/SX_Province_pl.shp"/>
			</Params>
			<InputPorts/>
			<OutputPorts>
				<OutputPort ID="1" Type="DatasetRegion"/>
			</OutputPorts>
		</Module>
		<Module ID="5" ClassName="com.wmf.pluginexample2.ModuleOpenDS" x="48" y="208">
			<Params>
				<Param Name="Type" Value="Micaps"/>
				<Param Name="Alias" Value="test"/>
				<Param Name="Server" Value="../../Input/ShanXi/16033109.000"/>
			</Params>
			<InputPorts/>
			<OutputPorts>
				<OutputPort ID="1" Type="DatasetPoint"/>
			</OutputPorts>
		</Module>
		<Module ID="6" ClassName="com.wmf.pluginexample2.ModuleIDW" x="208" y="208">
			<Params>
				<Param Name="Datasource" Value="test"/>
				<Param Name="Dataset" Value="16033109.000"/>
				<Param Name="Field" Value="Value1"/>
				<Param Name="Bounds" Value="110.272221 34.625832 114.430554 40.708888"/>
				<Param Name="CellSize" Value="0.050000 0.050000"/>
				<Param Name="ValueType" Value="Single"/>
				<Param Name="SearchMode" Value="RadiusVariable"/>
				<Param Name="PointCount" Value="12"/>
				<Param Name="MaxRadius" Value="0"/>
				<Param Name="Radius" Value="5"/>
				<Param Name="MinPointCount" Value="0"/>
				<Param Name="Power" Value="2"/>
				<Param Name="CrossValidation" Value="true"/>
				<Param Name="ResidualFileName" Value=""/>
				<Param Name="Datasource" Value="Datasource12"/>
				<Param Name="Dataset" Value="output_idw"/>
			</Params>
			<InputPorts>
				<InputPort ID="1" Type="DatasetPoint"/>
			</InputPorts>
			<OutputPorts>
				<OutputPort ID="1" Type="DatasetRaster"/>
			</OutputPorts>
		</Module>
		<Module ID="7" ClassName="com.wmf.pluginexample2.ModuleContour" x="400" y="208">
			<Params>
				<Param Name="Datasource" Value="Datasource12"/>
				<Param Name="Dataset" Value="output_idw"/>
				<Param Name="Values" Value="0 5 10 15 20 25 30"/>
				<Param Name="Smoothness" Value="3"/>
				<Param Name="Datasource" Value="temp"/>
				<Param Name="Dataset" Value="Contour"/>
				<Param Name="Datasource" Value="temp"/>
				<Param Name="Dataset" Value="ValidBorder"/>
			</Params>
			<InputPorts>
				<InputPort ID="1" Type="DatasetRaster"/>
			</InputPorts>
			<OutputPorts>
				<OutputPort ID="1" Type="DatasetLine"/>
				<OutputPort ID="2" Type="DatasetLine"/>
			</OutputPorts>
		</Module>
		<Module ID="8" ClassName="com.wmf.pluginexample2.ModuleClip" x="784" y="160">
			<Params>
				<Param Name="Datasource" Value="SX_Province_pl"/>
				<Param Name="Dataset" Value="SX_Province_pl"/>
				<Param Name="Where" Value=""/>
				<Param Name="Datasource" Value="temp"/>
				<Param Name="Dataset" Value="Contour"/>
				<Param Name="Datasource" Value="temp"/>
				<Param Name="Dataset" Value="Clip2"/>
			</Params>
			<InputPorts>
				<InputPort ID="1" Type="DatasetRegion"/>
				<InputPort ID="2" Type="DatasetLine"/>
			</InputPorts>
			<OutputPorts>
				<OutputPort ID="1" Type="DatasetLine"/>
			</OutputPorts>
		</Module>
		<Module ID="9" ClassName="com.wmf.pluginexample2.ModulePolygonizer" x="608" y="256">
			<Params>
				<Param Name="Datasource" Value="temp"/>
				<Param Name="Dataset" Value="Contour"/>
				<Param Name="Datasource" Value="temp"/>
				<Param Name="Dataset" Value="ValidBorder"/>
				<Param Name="Datasource" Value=""/>
				<Param Name="Dataset" Value=""/>
				<Param Name="Datasource" Value="Datasource12"/>
				<Param Name="Dataset" Value="output_idw"/>
				<Param Name="Field" Value="ZValue"/>
				<Param Name="MinValue" Value="0.883732"/>
				<Param Name="MaxValue" Value="2.883732"/>
				<Param Name="NoDataValue" Value="-9999.000000"/>
				<Param Name="CalcValue" Value="true"/>
				<Param Name="Datasource" Value="temp"/>
				<Param Name="Dataset" Value="FilledContour"/>
			</Params>
			<InputPorts>
				<InputPort ID="1" Type="DatasetLine"/>
				<InputPort ID="2" Type="DatasetLine"/>
				<InputPort ID="3" Type="Unknown"/>
				<InputPort ID="4" Type="DatasetRaster"/>
			</InputPorts>
			<OutputPorts>
				<OutputPort ID="1" Type="DatasetRegion"/>
			</OutputPorts>
		</Module>
		<Module ID="10" ClassName="com.wmf.pluginexample2.ModuleClip" x="784" y="256">
			<Params>
				<Param Name="Datasource" Value="SX_Province_pl"/>
				<Param Name="Dataset" Value="SX_Province_pl"/>
				<Param Name="Where" Value=""/>
				<Param Name="Datasource" Value="temp"/>
				<Param Name="Dataset" Value="FilledContour"/>
				<Param Name="Datasource" Value="temp"/>
				<Param Name="Dataset" Value="Clip"/>
			</Params>
			<InputPorts>
				<InputPort ID="1" Type="DatasetRegion"/>
				<InputPort ID="2" Type="DatasetRegion"/>
			</InputPorts>
			<OutputPorts>
				<OutputPort ID="1" Type="DatasetRegion"/>
			</OutputPorts>
		</Module>
		<Module ID="11" ClassName="com.wmf.pluginexample2.ModuleExportToGeoJSON" x="976" y="288">
			<Params>
				<Param Name="Datasource" Value="temp"/>
				<Param Name="Dataset" Value="Clip"/>
				<Param Name="CoordFormat" Value="%.1f"/>
				<Param Name="Fields" Value="MGMinValue|MGMaxValue"/>
				<Param Name="FileName" Value="../../Output/[yyyyMM]/[yyMMddHH].json"/>
			</Params>
			<InputPorts>
				<InputPort ID="1" Type="DatasetRegion"/>
			</InputPorts>
			<OutputPorts>
				<OutputPort ID="1" Type="JSONFile"/>
			</OutputPorts>
		</Module>
		<Module ID="12" ClassName="com.wmf.pluginexample2.ModuleGraphicProduct" x="1136" y="64">
			<Params>
				<Param Name="TemplateFile" Value="../../GraphicProductTemplate/ShanXi/FilledContour.xml"/>
				<Param Name="Datasource" Value="test"/>
				<Param Name="Dataset" Value="16033109.000"/>
				<Param Name="Unit" Value=""/>
				<Param Name="Datasource" Value="temp"/>
				<Param Name="Dataset" Value="Clip2"/>
				<Param Name="Unit" Value=""/>
				<Param Name="Datasource" Value="temp"/>
				<Param Name="Dataset" Value="Clip"/>
				<Param Name="Unit" Value="mm"/>
				<Param Name="Bounds" Value="0.000000 0.000000 0.000000 0.000000"/>
				<Param Name="ClipRegion" Value=""/>
				<Param Name="MainTitle" Value="山西省气温分布"/>
				<Param Name="SubTitle" Value="[yyyy年M月d日HH时1]-[yyyy年M月d日HH时2]"/>
				<Param Name="Organization" Value="山西省气象局"/>
				<Param Name="PublishTime" Value="[yyyy年M月d日HH时]发布"/>
				<Param Name="GeoLegendToLayer" Value="test.MGCBottom.VectorRange"/>
				<Param Name="FileName" Value="../../Output/[yyyyMM]/[yyMMddHH].png"/>
			</Params>
			<InputPorts>
				<InputPort ID="1" Type="DatasetPoint"/>
				<InputPort ID="2" Type="DatasetLine"/>
				<InputPort ID="3" Type="DatasetRegion"/>
			</InputPorts>
			<OutputPorts>
				<OutputPort ID="1" Type="ImageFile"/>
			</OutputPorts>
		</Module>
	</Modules>
	<Pipes>
		<Pipe ID="13" IncomingModule="5" IncomingPort="1" OutgoingModule="6" OutgoingPort="1"/>
		<Pipe ID="14" IncomingModule="6" IncomingPort="1" OutgoingModule="7" OutgoingPort="1"/>
		<Pipe ID="15" IncomingModule="7" IncomingPort="1" OutgoingModule="9" OutgoingPort="1"/>
		<Pipe ID="16" IncomingModule="7" IncomingPort="2" OutgoingModule="9" OutgoingPort="2"/>
		<Pipe ID="17" IncomingModule="6" IncomingPort="1" OutgoingModule="9" OutgoingPort="4"/>
		<Pipe ID="18" IncomingModule="4" IncomingPort="1" OutgoingModule="10" OutgoingPort="1"/>
		<Pipe ID="19" IncomingModule="9" IncomingPort="1" OutgoingModule="10" OutgoingPort="2"/>
		<Pipe ID="20" IncomingModule="4" IncomingPort="1" OutgoingModule="8" OutgoingPort="1"/>
		<Pipe ID="21" IncomingModule="7" IncomingPort="1" OutgoingModule="8" OutgoingPort="2"/>
		<Pipe ID="22" IncomingModule="10" IncomingPort="1" OutgoingModule="11" OutgoingPort="1"/>
		<Pipe ID="23" IncomingModule="5" IncomingPort="1" OutgoingModule="12" OutgoingPort="1"/>
		<Pipe ID="24" IncomingModule="8" IncomingPort="1" OutgoingModule="12" OutgoingPort="2"/>
		<Pipe ID="25" IncomingModule="10" IncomingPort="1" OutgoingModule="12" OutgoingPort="3"/>
		<Pipe ID="26" IncomingModule="11" IncomingPort="1" OutgoingModule="12" OutgoingPort="3"/>
	</Pipes>
</Model>
