<?xml version="1.0" encoding="UTF-8"?>

<Model ClassName="com.wmf.pluginexample2.Model2">
	<Params>
		<Param Name="Description" Value=""/>
		<Param Name="Author" Value="wklion"/>
		<Param Name="Company" Value=""/>
		<Param Name="Background" Value="255 255 255"/>
		<Param Name="GridSize" Value="16 16"/>
		<Param Name="ShowGrid" Value="true"/>
		<Param Name="SnapToGrid" Value="true"/>
		<Param Name="Lock" Value="false"/>
		<Param Name="StartTime" Value="2018-02-23 01:24:33"/>
		<Param Name="DataStartTime" Value="2018-02-23 01:24:33"/>
		<Param Name="DataEndTime" Value="2018-02-23 01:24:33"/>
	</Params>
	<Modules>
		<Module ID="1" ClassName="com.wmf.pluginexample2.ModuleOpenDS" x="320" y="160">
			<Params>
				<Param Name="Type" Value="Micaps"/>
				<Param Name="Alias" Value="Datasource1"/>
				<Param Name="Server" Value=""/>
			</Params>
			<InputPorts/>
			<OutputPorts>
				<OutputPort ID="1" Type="Unknown"/>
			</OutputPorts>
		</Module>
	</Modules>
	<Pipes/>
</Model>
