<?xml version="1.0" encoding="UTF-8"?>

<Model ClassName="com.wmf.pluginexample2.Model2">
	<Params>
		<Param Name="Description" Value=""/>
		<Param Name="Author" Value="Administrator"/>
		<Param Name="Company" Value=""/>
		<Param Name="Background" Value="0 0 0"/>
		<Param Name="GridSize" Value="16 16"/>
		<Param Name="ShowGrid" Value="true"/>
		<Param Name="SnapToGrid" Value="true"/>
		<Param Name="Lock" Value="false"/>
		<Param Name="StartTime" Value="2016-11-07 08:00:00"/>
		<Param Name="DataStartTime" Value="2016-11-07 08:00:00"/>
		<Param Name="DataEndTime" Value="2016-11-07 08:00:00"/>
	</Params>
	<Modules>
		<Module ID="1" ClassName="com.wmf.pluginexample2.ModuleCreateDS" x="64" y="48">
			<Params>
				<Param Name="Type" Value="Memory"/>
				<Param Name="Alias" Value="a"/>
				<Param Name="Server" Value=""/>
			</Params>
			<InputPorts/>
			<OutputPorts/>
		</Module>
		<Module ID="2" ClassName="com.wmf.pluginexample2.ModuleOpenDS" x="640" y="160">
			<Params>
				<Param Name="Type" Value="ESRI Shapefile"/>
				<Param Name="Alias" Value="yun_nan"/>
				<Param Name="Server" Value="../../GraphicProductTemplate/YunNan/province_wgs84.shp"/>
			</Params>
			<InputPorts/>
			<OutputPorts>
				<OutputPort ID="1" Type="DatasetRegion"/>
			</OutputPorts>
		</Module>
		<Module ID="3" ClassName="com.wmf.pluginexample2.ModuleOpenDS" x="64" y="208">
			<Params>
				<Param Name="Type" Value="Micaps"/>
				<Param Name="Alias" Value="test"/>
				<Param Name="Server" Value="../../Input/China/16101908.000"/>
			</Params>
			<InputPorts/>
			<OutputPorts>
				<OutputPort ID="1" Type="DatasetPoint"/>
			</OutputPorts>
		</Module>
		<Module ID="4" ClassName="com.wmf.pluginexample2.ModuleOpenDS" x="64" y="304">
			<Params>
				<Param Name="Type" Value="GTiff"/>
				<Param Name="Alias" Value="test2"/>
				<Param Name="Server" Value="../../Input/China/china_dem_1000.TIF"/>
			</Params>
			<InputPorts/>
			<OutputPorts>
				<OutputPort ID="1" Type="DatasetRaster"/>
			</OutputPorts>
		</Module>
		<Module ID="5" ClassName="com.wmf.pluginexample2.ModuleGIDW" x="224" y="208">
			<Params>
				<Param Name="Datasource" Value="test"/>
				<Param Name="Dataset" Value="16101908.000"/>
				<Param Name="Datasource" Value="test2"/>
				<Param Name="Dataset" Value="d1"/>
				<Param Name="Field" Value="Value1"/>
				<Param Name="ZField" Value="Elevation"/>
				<Param Name="a" Value="-0.0974887 -0.184238 -0.0047487"/>
				<Param Name="Bounds" Value="97.500000 21.000000 106.200000 29.300000"/>
				<Param Name="CellSize" Value="0.050000 0.050000"/>
				<Param Name="ValueType" Value="Single"/>
				<Param Name="SearchMode" Value="RadiusVariable"/>
				<Param Name="PointCount" Value="12"/>
				<Param Name="MaxRadius" Value="0"/>
				<Param Name="Radius" Value="5"/>
				<Param Name="MinPointCount" Value="0"/>
				<Param Name="CrossValidation" Value="true"/>
				<Param Name="ResidualFileName" Value=""/>
				<Param Name="Datasource" Value="a"/>
				<Param Name="Dataset" Value="GIDW2"/>
			</Params>
			<InputPorts>
				<InputPort ID="1" Type="DatasetPoint"/>
				<InputPort ID="2" Type="DatasetRaster"/>
			</InputPorts>
			<OutputPorts>
				<OutputPort ID="1" Type="DatasetRaster"/>
			</OutputPorts>
		</Module>
		<Module ID="6" ClassName="com.wmf.pluginexample2.ModuleContour" x="416" y="208">
			<Params>
				<Param Name="Datasource" Value="a"/>
				<Param Name="Dataset" Value="GIDW2"/>
				<Param Name="Values" Value="-5 0 5 10 15 20 25 30"/>
				<Param Name="Smoothness" Value="3"/>
				<Param Name="Datasource" Value="a"/>
				<Param Name="Dataset" Value="Contour"/>
				<Param Name="Datasource" Value="a"/>
				<Param Name="Dataset" Value="ValidBorder"/>
			</Params>
			<InputPorts>
				<InputPort ID="1" Type="DatasetRaster"/>
			</InputPorts>
			<OutputPorts>
				<OutputPort ID="1" Type="DatasetLine"/>
				<OutputPort ID="2" Type="DatasetLine"/>
			</OutputPorts>
		</Module>
		<Module ID="7" ClassName="com.wmf.pluginexample2.ModulePolygonizer" x="624" y="256">
			<Params>
				<Param Name="Datasource" Value="a"/>
				<Param Name="Dataset" Value="Contour"/>
				<Param Name="Datasource" Value="a"/>
				<Param Name="Dataset" Value="ValidBorder"/>
				<Param Name="Datasource" Value=""/>
				<Param Name="Dataset" Value=""/>
				<Param Name="Datasource" Value="a"/>
				<Param Name="Dataset" Value="GIDW2"/>
				<Param Name="Field" Value="ZValue"/>
				<Param Name="MinValue" Value="0.883732"/>
				<Param Name="MaxValue" Value="2.883732"/>
				<Param Name="NoDataValue" Value="-9999.000000"/>
				<Param Name="CalcValue" Value="true"/>
				<Param Name="Datasource" Value="a"/>
				<Param Name="Dataset" Value="FilledContour"/>
			</Params>
			<InputPorts>
				<InputPort ID="1" Type="DatasetLine"/>
				<InputPort ID="2" Type="DatasetLine"/>
				<InputPort ID="3" Type="Unknown"/>
				<InputPort ID="4" Type="DatasetRaster"/>
			</InputPorts>
			<OutputPorts>
				<OutputPort ID="1" Type="DatasetRegion"/>
			</OutputPorts>
		</Module>
		<Module ID="8" ClassName="com.wmf.pluginexample2.ModuleClip" x="800" y="256">
			<Params>
				<Param Name="Datasource" Value="yun_nan"/>
				<Param Name="Dataset" Value="province_wgs84"/>
				<Param Name="Where" Value=""/>
				<Param Name="Datasource" Value="a"/>
				<Param Name="Dataset" Value="FilledContour"/>
				<Param Name="Datasource" Value="a"/>
				<Param Name="Dataset" Value="Clip"/>
			</Params>
			<InputPorts>
				<InputPort ID="1" Type="DatasetRegion"/>
				<InputPort ID="2" Type="DatasetRegion"/>
			</InputPorts>
			<OutputPorts>
				<OutputPort ID="1" Type="DatasetRegion"/>
			</OutputPorts>
		</Module>
		<Module ID="9" ClassName="com.wmf.pluginexample2.ModuleExportToGeoJSON" x="992" y="336">
			<Params>
				<Param Name="Datasource" Value="a"/>
				<Param Name="Dataset" Value="Clip"/>
				<Param Name="CoordFormat" Value="%.1f"/>
				<Param Name="Fields" Value="MGMinValue|MGMaxValue"/>
				<Param Name="FileName" Value="../../Output/[yyyyMM]/[yyMMddHH]gidw.json"/>
			</Params>
			<InputPorts>
				<InputPort ID="1" Type="DatasetRegion"/>
			</InputPorts>
			<OutputPorts>
				<OutputPort ID="1" Type="JSONFile"/>
			</OutputPorts>
		</Module>
		<Module ID="10" ClassName="com.wmf.pluginexample2.ModuleGraphicProduct" x="1168" y="256">
			<Params>
				<Param Name="TemplateFile" Value="../../GraphicProductTemplate/YunNan/FilledContour.xml"/>
				<Param Name="Datasource" Value=""/>
				<Param Name="Dataset" Value=""/>
				<Param Name="Unit" Value=""/>
				<Param Name="Datasource" Value=""/>
				<Param Name="Dataset" Value=""/>
				<Param Name="Unit" Value=""/>
				<Param Name="Datasource" Value="a"/>
				<Param Name="Dataset" Value="Clip"/>
				<Param Name="Unit" Value=""/>
				<Param Name="Bounds" Value="0.000000 0.000000 0.000000 0.000000"/>
				<Param Name="ClipRegion" Value=""/>
				<Param Name="MainTitle" Value="云南省周平均气温分布图"/>
				<Param Name="SubTitle" Value="[yyyy年M月d日]"/>
				<Param Name="Organization" Value="云南省气候中心"/>
				<Param Name="PublishTime" Value="[yyyy年M月d日HH时]发布"/>
				<Param Name="GeoLegendToLayer" Value="yun_nan.MGCBottom.VectorRange"/>
				<Param Name="FileName" Value="../../Output/[yyyyMM]/[yyMMddHH]gidw.png"/>
			</Params>
			<InputPorts>
				<InputPort ID="1" Type="Unknown"/>
				<InputPort ID="2" Type="Unknown"/>
				<InputPort ID="3" Type="DatasetRegion"/>
			</InputPorts>
			<OutputPorts>
				<OutputPort ID="1" Type="ImageFile"/>
			</OutputPorts>
		</Module>
	</Modules>
	<Pipes>
		<Pipe ID="11" IncomingModule="6" IncomingPort="1" OutgoingModule="7" OutgoingPort="1"/>
		<Pipe ID="12" IncomingModule="6" IncomingPort="2" OutgoingModule="7" OutgoingPort="2"/>
		<Pipe ID="13" IncomingModule="2" IncomingPort="1" OutgoingModule="8" OutgoingPort="1"/>
		<Pipe ID="14" IncomingModule="7" IncomingPort="1" OutgoingModule="8" OutgoingPort="2"/>
		<Pipe ID="15" IncomingModule="8" IncomingPort="1" OutgoingModule="9" OutgoingPort="1"/>
		<Pipe ID="16" IncomingModule="3" IncomingPort="1" OutgoingModule="5" OutgoingPort="1"/>
		<Pipe ID="17" IncomingModule="4" IncomingPort="1" OutgoingModule="5" OutgoingPort="2"/>
		<Pipe ID="18" IncomingModule="5" IncomingPort="1" OutgoingModule="6" OutgoingPort="1"/>
		<Pipe ID="19" IncomingModule="5" IncomingPort="1" OutgoingModule="7" OutgoingPort="4"/>
		<Pipe ID="20" IncomingModule="9" IncomingPort="1" OutgoingModule="10" OutgoingPort="3"/>
		<Pipe ID="21" IncomingModule="8" IncomingPort="1" OutgoingModule="10" OutgoingPort="3"/>
	</Pipes>
</Model>
