<?xml version="1.0" encoding="UTF-8"?>

<Model ClassName="com.wmf.pluginexample2.Model2">
	<Params>
		<Param Name="Description" Value=""/>
		<Param Name="Author" Value="Administrator"/>
		<Param Name="Company" Value=""/>
		<Param Name="Background" Value="255 255 255"/>
		<Param Name="GridSize" Value="16 16"/>
		<Param Name="ShowGrid" Value="true"/>
		<Param Name="SnapToGrid" Value="true"/>
		<Param Name="Lock" Value="false"/>
		<Param Name="StartTime" Value="2016-10-25 16:22:54"/>
		<Param Name="DataStartTime" Value="2016-10-27 14:16:31"/>
		<Param Name="DataEndTime" Value="2016-10-27 14:16:31"/>
	</Params>
	<Modules>
		<Module ID="1" ClassName="com.wmf.pluginexample3.ModuleQuery" x="48" y="128">
			<Params>
				<Param Name="ConnectionName" Value="mysql_connection"/>
				<Param Name="Sql" Value="SELECT number as StationNum,concat(lpad(year,4,'0'),'-',lpad(month,2,'0'),'-',lpad(day,2,'0')) as Time,t FROM observation where t&gt;=200"/>
				<Param Name="Name" Value="查询"/>
			</Params>
			<InputPorts/>
			<OutputPorts>
				<OutputPort ID="1" Type="JDBCResultSet"/>
			</OutputPorts>
		</Module>
		<Module ID="2" ClassName="com.wmf.pluginexample3.ModulePersistenceFilter" x="304" y="208">
			<Params>
				<Param Name="Name" Value=""/>
				<Param Name="StationNumField" Value="StationNum"/>
				<Param Name="TimeField" Value="Time"/>
				<Param Name="TimeFieldFormat" Value="yyyy-MM-dd"/>
				<Param Name="TimeStep" Value="24"/>
				<Param Name="Condition" Value="count&gt;=10"/>
			</Params>
			<InputPorts>
				<InputPort ID="1" Type="JDBCResultSet"/>
				<InputPort ID="2" Type="Unknown"/>
			</InputPorts>
			<OutputPorts>
				<OutputPort ID="1" Type="CSV"/>
			</OutputPorts>
		</Module>
		<Module ID="3" ClassName="com.wmf.pluginexample1.ModuleOutput" x="560" y="208">
			<Params/>
			<InputPorts>
				<InputPort ID="1" Type="CSV"/>
			</InputPorts>
			<OutputPorts/>
		</Module>
	</Modules>
	<Pipes>
		<Pipe ID="4" IncomingModule="1" IncomingPort="1" OutgoingModule="2" OutgoingPort="1"/>
		<Pipe ID="5" IncomingModule="2" IncomingPort="1" OutgoingModule="3" OutgoingPort="1"/>
	</Pipes>
</Model>
