<?xml version="1.0" encoding="UTF-8"?>

<Model ClassName="com.wmf.pluginexample2.Model2">
	<Params>
		<Param Name="Description" Value=""/>
		<Param Name="Author" Value="Administrator"/>
		<Param Name="Company" Value=""/>
		<Param Name="Background" Value="255 255 255"/>
		<Param Name="GridSize" Value="16 16"/>
		<Param Name="ShowGrid" Value="true"/>
		<Param Name="SnapToGrid" Value="true"/>
		<Param Name="Lock" Value="false"/>
		<Param Name="StartTime" Value="2017-04-07 10:39:49"/>
		<Param Name="DataStartTime" Value="2017-04-07 10:39:49"/>
		<Param Name="DataEndTime" Value="2017-04-07 10:39:49"/>
	</Params>
	<Modules>
		<Module ID="1" ClassName="com.wmf.pluginexample3.ModuleQuery" x="208" y="96">
			<Params>
				<Param Name="ConnectionName" Value="mysql_connection"/>
				<Param Name="Sql" Value="select number as StationNum,x,y from station_info"/>
				<Param Name="Name" Value="查询"/>
			</Params>
			<InputPorts/>
			<OutputPorts>
				<OutputPort ID="1" Type="JDBCResultSet"/>
			</OutputPorts>
		</Module>
		<Module ID="2" ClassName="com.wmf.pluginexample3.ModuleQuery" x="208" y="192">
			<Params>
				<Param Name="ConnectionName" Value="mysql_connection"/>
				<Param Name="Sql" Value="SELECT number as StationNum,concat(lpad(year,4,'0'),'-',lpad(month,2,'0'),'-',lpad(day,2,'0')) as Time,t FROM observation"/>
				<Param Name="Name" Value="查询"/>
			</Params>
			<InputPorts/>
			<OutputPorts>
				<OutputPort ID="1" Type="JDBCResultSet"/>
			</OutputPorts>
		</Module>
		<Module ID="3" ClassName="com.wmf.pluginexample3.ModulePeriodStatistics" x="416" y="96">
			<Params>
				<Param Name="Name" Value="站点信息"/>
				<Param Name="Name" Value="2000-2007日数据"/>
				<Param Name="ExpressionItemCount" Value="2"/>
				<Param Name="Expression" Value="0.0"/>
				<Param Name="Condition" Value="t&lt;80"/>
				<Param Name="Expression" Value="1.0"/>
				<Param Name="Condition" Value="t&gt;=80"/>
				<Param Name="Model" Value=""/>
				<Param Name="StationNumField" Value="StationNum"/>
				<Param Name="XField" Value="x"/>
				<Param Name="YField" Value="y"/>
				<Param Name="TimeField" Value="Time"/>
				<Param Name="TimeFieldFormat" Value="yyyy-MM-dd"/>
				<Param Name="StatsMethod" Value="PersistenceCount"/>
				<Param Name="MovingAvgCondition" Value="t&gt;=300"/>
				<Param Name="MovingAvgStepCount" Value="5"/>
				<Param Name="MovingAvgStartStep" Value="-4"/>
				<Param Name="PersistenceCondition" Value="f&gt;=1.0"/>
				<Param Name="OutputField" Value="f"/>
			</Params>
			<InputPorts>
				<InputPort ID="1" Type="JDBCResultSet"/>
				<InputPort ID="2" Type="JDBCResultSet"/>
				<InputPort ID="3" Type="Unknown"/>
			</InputPorts>
			<OutputPorts>
				<OutputPort ID="1" Type="CSV"/>
			</OutputPorts>
		</Module>
		<Module ID="4" ClassName="com.wmf.pluginexample3.ModulePeriodStatistics" x="624" y="32">
			<Params>
				<Param Name="Name" Value=""/>
				<Param Name="Name" Value=""/>
				<Param Name="ExpressionItemCount" Value="2"/>
				<Param Name="Expression" Value="f"/>
				<Param Name="Condition" Value="f&lt;1.0"/>
				<Param Name="Expression" Value="(1+((PersistenceCount)-1)/3)*f"/>
				<Param Name="Condition" Value="f&gt;=1.0"/>
				<Param Name="Model" Value=""/>
				<Param Name="StationNumField" Value="StationNum"/>
				<Param Name="XField" Value="x"/>
				<Param Name="YField" Value="y"/>
				<Param Name="TimeField" Value="Time"/>
				<Param Name="TimeFieldFormat" Value="yyyy-MM-dd"/>
				<Param Name="StatsMethod" Value="Avg"/>
				<Param Name="MovingAvgCondition" Value="t&gt;=15"/>
				<Param Name="MovingAvgStepCount" Value="5"/>
				<Param Name="MovingAvgStartStep" Value="0"/>
				<Param Name="PersistenceCondition" Value="Value&gt;=1.0"/>
				<Param Name="OutputField" Value="Value"/>
			</Params>
			<InputPorts>
				<InputPort ID="1" Type="JDBCResultSet"/>
				<InputPort ID="2" Type="CSV"/>
				<InputPort ID="3" Type="Unknown"/>
			</InputPorts>
			<OutputPorts>
				<OutputPort ID="1" Type="CSV"/>
			</OutputPorts>
		</Module>
	</Modules>
	<Pipes>
		<Pipe ID="5" IncomingModule="1" IncomingPort="1" OutgoingModule="3" OutgoingPort="1"/>
		<Pipe ID="6" IncomingModule="2" IncomingPort="1" OutgoingModule="3" OutgoingPort="2"/>
		<Pipe ID="7" IncomingModule="1" IncomingPort="1" OutgoingModule="4" OutgoingPort="1"/>
		<Pipe ID="8" IncomingModule="3" IncomingPort="1" OutgoingModule="4" OutgoingPort="2"/>
	</Pipes>
</Model>
